{"nodes":[{"id":23,"pos":{"x":-166.28,"y":0.96,"z":61.21},"edges":[20,19,22,23,24,27,33,34],"f":71.84649999999988,"g":2,"h":69.84649999999988,"cost":1,"visited":true,"closed":false,"parent":{"id":22,"pos":{"x":-157.41,"y":0.96,"z":54.14},"edges":[19,21,22,23,26,27,34],"f":63.0821,"g":1,"h":62.0821,"cost":1,"visited":true,"closed":true,"parent":{"id":21,"pos":{"x":-166.94,"y":0.96,"z":45.19},"edges":[20,19,21,22,25,26,28,30],"f":0,"g":0,"h":0,"cost":1,"visited":false,"closed":true,"parent":null}}},{"id":27,"pos":{"x":-157.96,"y":0.96,"z":62},"edges":[19,22,23,27,34],"f":2,"g":2,"h":0,"cost":1,"visited":true,"closed":false,"parent":{"id":22,"pos":{"x":-157.41,"y":0.96,"z":54.14},"edges":[19,21,22,23,26,27,34],"f":63.0821,"g":1,"h":62.0821,"cost":1,"visited":true,"closed":true,"parent":{"id":21,"pos":{"x":-166.94,"y":0.96,"z":45.19},"edges":[20,19,21,22,25,26,28,30],"f":0,"g":0,"h":0,"cost":1,"visited":false,"closed":true,"parent":null}}},{"id":34,"pos":{"x":-162.1,"y":0.96,"z":69.65},"edges":[24,33,19,22,23,27,34],"f":77.66209999999998,"g":2,"h":75.66209999999998,"cost":1,"visited":true,"closed":false,"parent":{"id":22,"pos":{"x":-157.41,"y":0.96,"z":54.14},"edges":[19,21,22,23,26,27,34],"f":63.0821,"g":1,"h":62.0821,"cost":1,"visited":true,"closed":true,"parent":{"id":21,"pos":{"x":-166.94,"y":0.96,"z":45.19},"edges":[20,19,21,22,25,26,28,30],"f":0,"g":0,"h":0,"cost":1,"visited":false,"closed":true,"parent":null}}}]}