{
    "nodes": [
        {
            "id": 102,
            "pos": {
                "x": -162.86,
                "y": 1.19,
                "z": 27.29
            },
            "edges": [
                102,
                103,
                104,
                115,
                116
            ],
            "f": 230.0485000000001,
            "g": 1,
            "h": 229.0485000000001,
            "cost": 1,
            "visited": true,
            "closed": false,
            "parent": {
                "id": 115,
                "pos": {
                    "x": -164.07,
                    "y": 0.9,
                    "z": 34.58
                },
                "edges": [
                    102,
                    104,
                    112,
                    114,
                    115,
                    113,
                    116
                ],
                "f": 0,
                "g": 0,
                "h": 0,
                "cost": 1,
                "visited": false,
                "closed": true,
                "parent": null
            }
        },
        {
            "id": 103,
            "pos": {
                "x": -158.74,
                "y": 1.73,
                "z": 22.42
            },
            "edges": [
                102,
                103,
                104
            ],
            "f": 0,
            "g": 0,
            "h": 0,
            "cost": 1,
            "visited": false,
            "closed": false,
            "parent": null
        },
        {
            "id": 104,
            "pos": {
                "x": -157.77,
                "y": 1.65,
                "z": 27.58
            },
            "edges": [
                102,
                103,
                104,
                115,
                116
            ],
            "f": 279.9549000000001,
            "g": 1,
            "h": 278.9549000000001,
            "cost": 1,
            "visited": true,
            "closed": false,
            "parent": {
                "id": 115,
                "pos": {
                    "x": -164.07,
                    "y": 0.9,
                    "z": 34.58
                },
                "edges": [
                    102,
                    104,
                    112,
                    114,
                    115,
                    113,
                    116
                ],
                "f": 0,
                "g": 0,
                "h": 0,
                "cost": 1,
                "visited": false,
                "closed": true,
                "parent": null
            }
        },
        {
            "id": 105,
            "pos": {
                "x": -79.4,
                "y": 8.89,
                "z": 44.27
            },
            "edges": [
                107,
                122
            ],
            "f": 98.37180000000009,
            "g": 2,
            "h": 96.37180000000009,
            "cost": 1,
            "visited": true,
            "closed": false,
            "parent": {
                "id": 122,
                "pos": {
                    "x": -78.02,
                    "y": 9.13,
                    "z": 50.97
                },
                "edges": [
                    105,
                    120,
                    109,
                    121,
                    108
                ],
                "f": 72.06659999999995,
                "g": 1,
                "h": 71.06659999999995,
                "cost": 1,
                "visited": true,
                "closed": true,
                "parent": {
                    "id": 121,
                    "pos": {
                        "x": -68.99,
                        "y": 6.61,
                        "z": 54.2
                    },
                    "edges": [
                        122
                    ],
                    "f": 0,
                    "g": 0,
                    "h": 0,
                    "cost": 1,
                    "visited": false,
                    "closed": true,
                    "parent": null
                }
            }
        },
        {
            "id": 109,
            "pos": {
                "x": -70.61,
                "y": 6.5,
                "z": 47.93
            },
            "edges": [
                122
            ],
            "f": 2,
            "g": 2,
            "h": 0,
            "cost": 1,
            "visited": true,
            "closed": false,
            "parent": {
                "id": 122,
                "pos": {
                    "x": -78.02,
                    "y": 9.13,
                    "z": 50.97
                },
                "edges": [
                    105,
                    120,
                    109,
                    121,
                    108
                ],
                "f": 72.06659999999995,
                "g": 1,
                "h": 71.06659999999995,
                "cost": 1,
                "visited": true,
                "closed": true,
                "parent": {
                    "id": 121,
                    "pos": {
                        "x": -68.99,
                        "y": 6.61,
                        "z": 54.2
                    },
                    "edges": [
                        122
                    ],
                    "f": 0,
                    "g": 0,
                    "h": 0,
                    "cost": 1,
                    "visited": false,
                    "closed": true,
                    "parent": null
                }
            }
        },
        {
            "id": 112,
            "pos": {
                "x": -165.99,
                "y": 0.73,
                "z": 42.09
            },
            "edges": [
                112,
                110,
                111,
                113,
                114,
                115
            ],
            "f": 1,
            "g": 1,
            "h": 0,
            "cost": 1,
            "visited": true,
            "closed": false,
            "parent": {
                "id": 115,
                "pos": {
                    "x": -164.07,
                    "y": 0.9,
                    "z": 34.58
                },
                "edges": [
                    102,
                    104,
                    112,
                    114,
                    115,
                    113,
                    116
                ],
                "f": 0,
                "g": 0,
                "h": 0,
                "cost": 1,
                "visited": false,
                "closed": true,
                "parent": null
            }
        },
        {
            "id": 114,
            "pos": {
                "x": -160.72,
                "y": 0.84,
                "z": 39.62
            },
            "edges": [
                112,
                114,
                113,
                115,
                116
            ],
            "f": 34.885900000000134,
            "g": 1,
            "h": 33.885900000000134,
            "cost": 1,
            "visited": true,
            "closed": false,
            "parent": {
                "id": 115,
                "pos": {
                    "x": -164.07,
                    "y": 0.9,
                    "z": 34.58
                },
                "edges": [
                    102,
                    104,
                    112,
                    114,
                    115,
                    113,
                    116
                ],
                "f": 0,
                "g": 0,
                "h": 0,
                "cost": 1,
                "visited": false,
                "closed": true,
                "parent": null
            }
        },
        {
            "id": 115,
            "pos": {
                "x": -164.07,
                "y": 0.9,
                "z": 34.58
            },