{
    "nodes": [
        {
            "id": 102,
            "pos": {
                "x": -162.86,
                "y": 1.19,
                "z": 27.29
            },
            "edges": [
                102,
                103,
                104,
                115,
                116
            ],
            "f": 0,
            "g": 0,
            "h": 0,
            "cost": 1,
            "visited": false,
            "closed": true,
            "parent": null
        },
        {
            "id": 103,
            "pos": {
                "x": -158.74,
                "y": 1.73,
                "z": 22.42
            },
            "edges": [
                102,
                103,
                104
            ],
            "f": 1,
            "g": 1,
            "h": 0,
            "cost": 1,
            "visited": true,
            "closed": false,
            "parent": {
                "id": 102,
                "pos": {
                    "x": -162.86,
                    "y": 1.19,
                    "z": 27.29
                },
                "edges": [
                    102,
                    103,
                    104,
                    115,
                    116
                ],
                "f": 0,
                "g": 0,
                "h": 0,
                "cost": 1,
                "visited": false,
                "closed": true,
                "parent": null
            }
        },
        {
            "id": 104,
            "pos": {
                "x": -157.77,
                "y": 1.65,
                "z": 27.58
            },
            "edges": [
                102,
                103,
                104,
                115,
                116
            ],
            "f": 28.57289999999996,
            "g": 1,
            "h": 27.57289999999996,
            "cost": 1,
            "visited": true,
            "closed": false,
            "parent": {
                "id": 102,
                "pos": {
                    "x": -162.86,
                    "y": 1.19,
                    "z": 27.29
                },
                "edges": [
                    102,
                    103,
                    104,
                    115,
                    116
                ],
                "f": 0,
                "g": 0,
                "h": 0,
                "cost": 1,
                "visited": false,
                "closed": true,
                "parent": null
            }
        },
        {
            "id": 105,
            "pos": {
                "x": -79.4,
                "y": 8.89,
                "z": 44.27
            },
            "edges": [
                107,
                122
            ],
            "f": 0,
            "g": 0,
            "h": 0,
            "cost": 1,
            "visited": false,
            "closed": false,
            "parent": null
        },
        {
            "id": 109,
            "pos": {
                "x": -70.61,
                "y": 6.5,
                "z": 47.93
            },
            "edges": [
                122
            ],
            "f": 0,
            "g": 0,
            "h": 0,
            "cost": 1,
            "visited": false,
            "closed": false,
            "parent": null
        },
        {
            "id": 112,
            "pos": {
                "x": -165.99,
                "y": 0.73,
                "z": 42.09
            },
            "edges": [
                112,
                110,
                111,
                113,
                114,
                115
            ],
            "f": 0,
            "g": 0,
            "h": 0,
            "cost": 1,
            "visited": false,
            "closed": false,
            "parent": null
        },
        {
            "id": 114,
            "pos": {
                "x": -160.72,
                "y": 0.84,
                "z": 39.62
            },
            "edges": [
                112,
                114,
                113,
                115,
                116
            ],
            "f": 0,
            "g": 0,
            "h": 0,
            "cost": 1,
            "visited": false,
            "closed": false,
            "parent": null
        },
        {
            "id": 115,
            "pos": {
                "x": -164.07,
                "y": 0.9,
                "z": 34.58
            },
            "edges": [
                102,
                104,
                112,
                114,
                115,
                113,
                116
            ],
            "f": 177.96339999999975,
            "g": 1,
            "h": 176.96339999999975,
            "cost": 1,
            "visited": true,
            "closed": false,
            "parent": {
                "id": 102,
                "pos": {
                    "x": -162.86,
                    "y": 1.19,
                    "z": 27.29
                },
                "edges": [
                    102,
                    103,
                    104,
                    115,
                    116
                ],
                "f": 0,
                "g": 0,
                "h": 0,
                "cost": 1,
                "visited": false,
                "closed": true,
                "parent": null
            }
        },
        {
            "id": 116,
            "pos": {
                "x": -158.35,
                "y": 1.19,
                "z": 34.33
            },
            "edges": [
                102,
                104,
                114,
                115,
                116
            ],
            "f": 143.29179999999994,
            "g": 1,
            "h": 142.29179999999994,
            "cost": 1,
            "visited": true,
            "closed": false,
            "parent": {
                "id": 102,
                "pos": {
                    "x": -162.86,
                    "y": 1.19,
                    "z": 27.29
                },
                "edges": [
                    102,
                    103,
                    104,
                    115,
                    116
                ],
                "f": 0,
                "g": 0,
                "h": 0,
                "cost": 1,
                "visited": false,
                "closed": true,
                "parent": null
            }
        },
        {
            "id": 120,
            "pos": {
                "x": -72.37,
                "y": 6.44,
                "z": 41.75
            },
            "edges": [
                122
            ],
            "f": 0,
            "g": 0,
            "h": 0,
            "cost": 1,
            "visited": false,
            "closed": false,
            "parent": null
        },
        {
            "id": 121,
            "pos": {
                "x": -68.99,
                "y": 6.61,
                "z": 54.2
            },
            "edges": [
                122
            ],
            "f": 0,
            "g": 0,
            "h": 0,
            "cost": 1,
            "visited": false,
            "closed": false,
            "parent": null
        },
        {
            "id": 122,
            "pos": {
                "x": -78.02,
                "y": 9.13,
                "z": 50.97
            },
            "edges": [
                105,
                120,
                109,
                121,
                108
            ],
            "f": 0,
            "g": 0,
            "h": 0,
            "cost": 1,
            "visited": false,
            "closed": false,
            "parent": null
        },
        {
            "id": 253,
            "pos": {
                "x": -114.33,
                "y": 9.07,
                "z": -28.3
            },
            "edges": [],
            "f": 75.16170000000001,
            "g": 1,
            "h": 74.16170000000001,
            "cost": 1,