{
    "nodes": [
        {
            "id": 243,
            "pos": {
                "x": 242.35,
                "y": 4.43,
                "z": 128.54
            },
            "edges": [
                244,
                247,
                246
            ],
            "f": 796.7753999999998,
            "g": 1,
            "h": 795.7753999999998,
            "cost": 1,
            "visited": true,
            "closed": false,
            "parent": {
                "id": 246,
                "pos": {
                    "x": 249.73,
                    "y": 5.75,
                    "z": 120.06
                },
                "edges": [
                    244,
                    243,
                    245,
                    251,
                    252
                ],
                "f": 0,
                "g": 0,
                "h": 0,
                "cost": 1,
                "visited": false,
                "closed": true,
                "parent": null
            }
        },
        {
            "id": 244,
            "pos": {
                "x": 252.73,
                "y": 3.02,
                "z": 133.45
            },
            "edges": [
                247,
                243,
                246,
                250,
                251
            ],
            "f": 615.0973999999997,
            "g": 1,
            "h": 614.0973999999997,
            "cost": 1,
            "visited": true,
            "closed": true,
            "parent": {
                "id": 246,
                "pos": {
                    "x": 249.73,
                    "y": 5.75,
                    "z": 120.06
                },
                "edges": [
                    244,
                    243,
                    245,
                    251,
                    252
                ],
                "f": 0,
                "g": 0,
                "h": 0,
                "cost": 1,
                "visited": false,
                "closed": true,
                "parent": null
            }
        },
        {
            "id": 245,
            "pos": {
                "x": 254.98,
                "y": 2.33,
                "z": 107.32
            },
            "edges": [
                246,
                252
            ],
            "f": 2557.584499999999,
            "g": 1,
            "h": 2556.584499999999,
            "cost": 1,
            "visited": true,
            "closed": false,
            "parent": {
                "id": 246,
                "pos": {
                    "x": 249.73,
                    "y": 5.75,
                    "z": 120.06
                },
                "edges": [
                    244,
                    243,
                    245,
                    251,
                    252
                ],
                "f": 0,
                "g": 0,
                "h": 0,
                "cost": 1,
                "visited": false,
                "closed": true,
                "parent": null
            }
        },
        {
            "id": 246,
            "pos": {
                "x": 249.73,
                "y": 5.75,
                "z": 120.06
            },
            "edges": [
                244,
                243,
                245,
                251,
                252
            ],
            "f": 0,
            "g": 0,
            "h": 0,
            "cost": 1,
            "visited": false,
            "closed": true,
            "parent": null
        },
        {
            "id": 247,
            "pos": {
                "x": 239.45,
                "y": 6.29,
                "z": 143.96
            },
            "edges": [
                249,
                248,
                250,
                244,
                243
            ],
            "f": 188.75579999999962,
            "g": 2,
            "h": 186.75579999999962,
            "cost": 1,
            "visited": true,
            "closed": false,
            "parent": {
                "id": 244,
                "pos": {
                    "x": 252.73,
                    "y": 3.02,
                    "z": 133.45
                },
                "edges": [
                    247,
                    243,
                    246,
                    250,
                    251
                ],
                "f": 615.0973999999997,
                "g": 1,
                "h": 614.0973999999997,
                "cost": 1,
                "visited": true,
                "closed": true,
                "parent": {
                    "id": 246,
                    "pos": {
                        "x": 249.73,
                        "y": 5.75,
                        "z": 120.06
                    },
                    "edges": [
                        244,
                        243,
                        245,
                        251,
                        252
                    ],
                    "f": 0,
                    "g": 0,
                    "h": 0,
                    "cost": 1,
                    "visited": false,
                    "closed": true,
                    "parent": null
                }
            }
        },
        {
            "id": 248,
            "pos": {
                "x": 235.66,
                "y": 5.87,
                "z": 162.1
            },
            "edges": [
                249,
                247
            ],
            "f": 0,
            "g": 0,
            "h": 0,
            "cost": 1,
            "visited": false,
            "closed": false,
            "parent": null
        },
        {
            "id": 249,
            "pos": {
                "x": 244.34,
                "y": 5.15,
                "z": 156.67
            },
            "edges": [
                248,
                250,
                247
            ],
            "f": 3,
            "g": 3,
            "h": 0,
            "cost": 1,
            "visited": true,
            "closed": false,
            "parent": {
                "id": 250,
                "pos": {
                    "x": 255.08,
                    "y": 5.64,
                    "z": 149.5
                },
                "edges": [
                    249,
                    247,
                    244
                ],
                "f": 168.9966,
                "g": 2,
                "h": 166.9966,
                "cost": 1,
                "visited": true,
                "closed": true,
                "parent": {
                    "id": 244,
                    "pos": {
                        "x": 252.73,
                        "y": 3.02,
                        "z": 133.45
                    },
                    "edges": [
                        247,
                        243,
                        246,
                        250,
                        251
                    ],
                    "f": 615.0973999999997,
                    "g": 1,
                    "h": 614.0973999999997,
                    "cost": 1,
                    "visited": true,
                    "closed": true,
                    "parent": {
                        "id": 246,
                        "pos": {
                            "x": 249.73,
                            "y": 5.75,
                            "z": 120.06
                        },
                        "edges": [
                            244,
                            243,
                            245,
                            251,
                            252
                        ],
                        "f": 0,
                        "g": 0,
                        "h": 0,
                        "cost": 1,
                        "visited": false,
                        "closed": true,
                        "parent": null
                    }
                }
            }
        },
        {
            "id": 250,