{
    "nodes": [
        {
            "id": 99,
            "pos": {
                "x": -177.46,
                "y": 2.12,
                "z": 54.81
            },
            "edges": [
                99,
                100,
                101
            ],
            "f": 371.69650000000007,
            "g": 1,
            "h": 370.69650000000007,
            "cost": 1,
            "visited": true,
            "closed": false,
            "parent": {
                "id": 101,
                "pos": {
                    "x": -172.99,
                    "y": 1.08,
                    "z": 52.76
                },
                "edges": [
                    99,
                    100,
                    101,
                    110
                ],
                "f": 0,
                "g": 0,
                "h": 0,
                "cost": 1,
                "visited": false,
                "closed": true,
                "parent": null
            }
        },
        {
            "id": 100,
            "pos": {
                "x": -175.32,
                "y": 1.24,
                "z": 47.81
            },
            "edges": [
                99,
                100,
                101,
                110,
                111
            ],
            "f": 144.4608999999999,
            "g": 1,
            "h": 143.4608999999999,
            "cost": 1,
            "visited": true,
            "closed": false,
            "parent": {
                "id": 101,
                "pos": {
                    "x": -172.99,
                    "y": 1.08,
                    "z": 52.76
                },
                "edges": [
                    99,
                    100,
                    101,
                    110
                ],
                "f": 0,
                "g": 0,
                "h": 0,
                "cost": 1,
                "visited": false,
                "closed": true,
                "parent": null
            }
        },
        {
            "id": 101,
            "pos": {
                "x": -172.99,
                "y": 1.08,
                "z": 52.76
            },
            "edges": [
                99,
                100,
                101,
                110
            ],
            "f": 0,
            "g": 0,
            "h": 0,
            "cost": 1,
            "visited": false,
            "closed": true,
            "parent": null
        },
        {
            "id": 110,
            "pos": {
                "x": -169.78,
                "y": 0.81,
                "z": 46.62
            },
            "edges": [
                100,
                101,
                110,
                111,
                112,
                113
            ],
            "f": 89.36169999999997,
            "g": 1,
            "h": 88.36169999999997,
            "cost": 1,
            "visited": true,
            "closed": true,
            "parent": {
                "id": 101,
                "pos": {
                    "x": -172.99,
                    "y": 1.08,
                    "z": 52.76
                },
                "edges": [
                    99,
                    100,
                    101,
                    110
                ],
                "f": 0,
                "g": 0,
                "h": 0,
                "cost": 1,
                "visited": false,
                "closed": true,
                "parent": null
            }
        },
        {
            "id": 111,
            "pos": {
                "x": -174.64,
                "y": 1.19,
                "z": 40.88
            },
            "edges": [
                100,
                110,
                111,
                112,
                113
            ],
            "f": 39.542499999999805,
            "g": 2,
            "h": 37.542499999999805,
            "cost": 1,
            "visited": true,
            "closed": false,
            "parent": {
                "id": 110,
                "pos": {
                    "x": -169.78,
                    "y": 0.81,
                    "z": 46.62
                },
                "edges": [
                    100,
                    101,
                    110,
                    111,
                    112,
                    113
                ],
                "f": 89.36169999999997,
                "g": 1,
                "h": 88.36169999999997,
                "cost": 1,
                "visited": true,
                "closed": true,
                "parent": {
                    "id": 101,
                    "pos": {
                        "x": -172.99,
                        "y": 1.08,
                        "z": 52.76
                    },
                    "edges": [
                        99,
                        100,
                        101,
                        110
                    ],
                    "f": 0,
                    "g": 0,
                    "h": 0,
                    "cost": 1,
                    "visited": false,
                    "closed": true,
                    "parent": null
                }
            }
        },
        {
            "id": 113,
            "pos": {
                "x": -169.74,
                "y": 0.82,
                "z": 37.22
            },
            "edges": [
                112,
                110,
                111,
                113,
                114,
                115
            ],
            "f": 2,
            "g": 2,
            "h": 0,
            "cost": 1,
            "visited": true,
            "closed": false,
            "parent": {
                "id": 110,
                "pos": {
                    "x": -169.78,
                    "y": 0.81,
                    "z": 46.62
                },
                "edges": [
                    100,
                    101,
                    110,
                    111,
                    112,
                    113
                ],
                "f": 89.36169999999997,
                "g": 1,
                "h": 88.36169999999997,
                "cost": 1,
                "visited": true,
                "closed": true,
                "parent": {
                    "id": 101,
                    "pos": {
                        "x": -172.99,
                        "y": 1.08,
                        "z": 52.76
                    },
                    "edges": [
                        99,
                        100,
                        101,
                        110
                    ],
                    "f": 0,
                    "g": 0,
                    "h": 0,
                    "cost": 1,
                    "visited": false,
                    "closed": true,
                    "parent": null
                }
            }
        },
        {
            "id": 310,
            "pos": {
                "x": -194.98,
                "y": 11.31,
                "z": 30.86
            },
            "edges": [
                312,
                311
            ]
        },
        {
            "id": 311,
            "pos": {
                "x": -196.35,
                "y": 11.28,
                "z": 24.34
            },
            "edges": [
                312,
                310
            ]
        },
        {
            "id": 312,
            "pos": {
                "x": -188.32,
                "y": 11.66,
                "z": 26.12
            },
            "edges": [
                310,
                311
            ]
        },
        {
            "id": 331,
            "pos": {
                "x": -258.87,
                "y": 39.76,
                "z": 52.46
            },
            "edges": [
                332
            ],
            "f": 0,
            "g": 0,
            "h": 0,
            "cost": 1,
            "visited": false,
            "closed": false,