{
    "nodes": [
        {
            "id": 181,
            "pos": {
                "x": -1415.94,
                "y": 28.88,
                "z": -24.73
            },
            "edges": [
                181,
                182,
                183,
                184
            ],
            "f": 88.46500000000046,
            "g": 1,
            "h": 87.46500000000046,
            "cost": 1,
            "visited": true,
            "closed": false,
            "parent": {
                "id": 183,
                "pos": {
                    "x": -1414.91,
                    "y": 28.16,
                    "z": -36.92
                },
                "edges": [
                    181,
                    182,
                    183,
                    184,
                    185,
                    376,
                    377
                ],
                "f": 0,
                "g": 0,
                "h": 0,
                "cost": 1,
                "visited": false,
                "closed": true,
                "parent": null
            }
        },
        {
            "id": 182,
            "pos": {
                "x": -1410.49,
                "y": 28.93,
                "z": -32.33
            },
            "edges": [
                181,
                182,
                183,
                184,
                185
            ],
            "f": 1,
            "g": 1,
            "h": 0,
            "cost": 1,
            "visited": true,
            "closed": false,
            "parent": {
                "id": 183,
                "pos": {
                    "x": -1414.91,
                    "y": 28.16,
                    "z": -36.92
                },
                "edges": [
                    181,
                    182,
                    183,
                    184,
                    185,
                    376,
                    377
                ],
                "f": 0,
                "g": 0,
                "h": 0,
                "cost": 1,
                "visited": false,
                "closed": true,
                "parent": null
            }
        },
        {
            "id": 183,
            "pos": {
                "x": -1414.91,
                "y": 28.16,
                "z": -36.92
            },
            "edges": [
                181,
                182,
                183,
                184,
                185,
                376,
                377
            ],
            "f": 0,
            "g": 0,
            "h": 0,
            "cost": 1,
            "visited": false,
            "closed": true,
            "parent": null
        },
        {
            "id": 184,
            "pos": {
                "x": -1404.46,
                "y": 29.71,
                "z": -30.22
            },
            "edges": [
                181,
                182,
                183,
                184,
                185
            ],
            "f": 42.42139999999968,
            "g": 1,
            "h": 41.42139999999968,
            "cost": 1,
            "visited": true,
            "closed": false,
            "parent": {
                "id": 183,
                "pos": {
                    "x": -1414.91,
                    "y": 28.16,
                    "z": -36.92
                },
                "edges": [
                    181,
                    182,
                    183,
                    184,
                    185,
                    376,
                    377
                ],
                "f": 0,
                "g": 0,
                "h": 0,
                "cost": 1,
                "visited": false,
                "closed": true,
                "parent": null
            }
        },
        {
            "id": 376,
            "pos": {
                "x": -1420.89,
                "y": 26.85,
                "z": -47.03
            },
            "edges": [
                183,
                378,
                377
            ],
            "f": 329.57640000000197,
            "g": 1,
            "h": 328.57640000000197,
            "cost": 1,
            "visited": true,
            "closed": false,
            "parent": {
                "id": 183,
                "pos": {
                    "x": -1414.91,
                    "y": 28.16,
                    "z": -36.92
                },
                "edges": [
                    181,
                    182,
                    183,
                    184,
                    185,
                    376,
                    377
                ],
                "f": 0,
                "g": 0,
                "h": 0,
                "cost": 1,
                "visited": false,
                "closed": true,
                "parent": null
            }
        },
        {
            "id": 377,
            "pos": {
                "x": -1411.36,
                "y": 27.94,
                "z": -45.26
            },
            "edges": [
                183,
                376,
                378
            ],
            "f": 169.9218999999998,
            "g": 1,
            "h": 168.9218999999998,
            "cost": 1,
            "visited": true,
            "closed": false,
            "parent": {
                "id": 183,
                "pos": {
                    "x": -1414.91,
                    "y": 28.16,
                    "z": -36.92
                },
                "edges": [
                    181,
                    182,
                    183,
                    184,
                    185,
                    376,
                    377
                ],
                "f": 0,
                "g": 0,
                "h": 0,
                "cost": 1,
                "visited": false,
                "closed": true,
                "parent": null
            }
        },
        {
            "id": 378,
            "pos": {
                "x": -1414.51,
                "y": 26.82,
                "z": -54.63
            },
            "edges": [
                376,
                377
            ],
            "f": 0,
            "g": 0,
            "h": 0,
            "cost": 1,
            "visited": false,
            "closed": false,
            "parent": null
        }
    ]
}